[{
  "_id": "0x5E86F9c3d1867EBa29071F0FDfD71ffA3F1dF3b2",
  "nom": "ikram ait kaddi",
  "type": "Vendeur",
  "_class": "com.bezkoder.spring.jwt.mongodb.models.Acteurs"
},{
  "_id": "0x75E8d49b3069434F0801Fd2f48c2CF6DC9d67040",
  "nom": "ikram ait kaddi",
  "type": "Acheteur",
  "_class": "com.bezkoder.spring.jwt.mongodb.models.Acteurs"
},{
  "_id": "0x97082FB80A0FCd834D2E6376A371f3CDb91a546b",
  "nom": "soukaina bouchane",
  "type": "Acheteur",
  "_class": "com.arg.spring.jwt.mongodb.models.Acteurs"
},{
  "_id": "0x51eebB04e7CeDEfBd7d27eD6CAa362E7fe6C2615",
  "nom": "salma said",
  "type": "Vendeur",
  "_class": "com.arg.spring.jwt.mongodb.models.Acteurs"
},{
  "_id": "0x8B9DA20a59e5Fa5802c17DfdE83AFC1092E00B4D",
  "nom": "hamza karim",
  "type": "Acheteur",
  "_class": "com.arg.spring.jwt.mongodb.models.Acteurs"
},{
  "_id": "oooooooooooooooooooooooooooooooooooooooooooooooooooo",
  "nom": "ikram ait kaddi",
  "type": "Acheteur",
  "_class": "com.arg.spring.jwt.mongodb.models.Acteurs"
},{
  "_id": "kkkkkkkkkkkkkkkkkkkkkkkkkkkkkkkkkkkkkkkkkkkkkkkkkkkkjjjjjjjjjjjjjjj",
  "nom": "ikram ait kaddi",
  "type": "Vendeur",
  "_class": "com.arg.spring.jwt.mongodb.models.Acteurs"
},{
  "_id": "oooooooooooooooooooooooooooooooooooooooooooooooooooojj",
  "nom": "ikram ait kaddi",
  "type": "Acheteur",
  "_class": "com.arg.spring.jwt.mongodb.models.Acteurs"
},{
  "_id": "kkkkkkkkkkkkkkkkkkkkkkkkkkkkkkkkkkkkkkkkkkkkkkkkkkkkjjjjjjjjjjjjjjjjjjj",
  "nom": "ikram ait kaddi",
  "type": "Vendeur",
  "_class": "com.arg.spring.jwt.mongodb.models.Acteurs"
},{
  "_id": "0x8B9DA20a59e5Fa5802c17DfdE83AFC1092E00B4Dj",
  "nom": "ikram ait kaddi",
  "type": "Acheteur",
  "_class": "com.arg.spring.jwt.mongodb.models.Acteurs"
},{
  "_id": "0xAab86f2cb404B8dA8e2b0C9cE7eBd038e070d5Ef",
  "nom": "ikram ait kaddi",
  "type": "Vendeur",
  "_class": "com.arg.spring.jwt.mongodb.models.Acteurs"
},{
  "_id": "0xaD9B9af41E041dc4B32F07764aC35D04bf433A1A",
  "nom": "toto",
  "type": "Vendeur",
  "_class": "com.arg.spring.jwt.mongodb.models.Acteurs"
},{
  "_id": "0x9Da421F1c8AE1252eB86fb83909A14bAf048E577",
  "nom": "sara salmi",
  "type": "Vendeur",
  "_class": "com.arg.spring.jwt.mongodb.models.Acteurs"
},{
  "_id": "0x135FA76cc2BB50f7e34Ba0f6B96778f392817075",
  "nom": "ikram ait kaddi",
  "type": "Acheteur",
  "_class": "com.arg.spring.jwt.mongodb.models.Acteurs"
},{
  "_id": "0x5A68baE7cc90a092681075929b90765451548C4f",
  "nom": "ikram ait kaddi",
  "type": "Acheteur",
  "_class": "com.arg.spring.jwt.mongodb.models.Acteurs"
},{
  "_id": "0x0742eEb4E863b7666108Cab059d900179d631DB6",
  "nom": "ikram ait kaddi",
  "type": "Vendeur",
  "_class": "com.arg.spring.jwt.mongodb.models.Acteurs"
},{
  "_id": "0x73C8bFEd2BB14700F4431609313644ADE2F20183",
  "nom": "ikram ait kaddi",
  "type": "Acheteur",
  "_class": "com.arg.spring.jwt.mongodb.models.Acteurs"
},{
  "_id": "0xcF531527d7D3AE7b1b9C14dCBcd5aD22b7cfBc30",
  "nom": "ikram ait kaddi",
  "type": "Vendeur",
  "_class": "com.arg.spring.jwt.mongodb.models.Acteurs"
},{
  "_id": "0xe85e012e60686FB16C53D1317114C27c325Fa847",
  "nom": "ikram ait kaddi",
  "type": "Acheteur",
  "_class": "com.arg.spring.jwt.mongodb.models.Acteurs"
},{
  "_id": "0x25C9762de7240eCb547784016878d28b66482618",
  "nom": "ikram ait kaddi",
  "type": "Vendeur",
  "_class": "com.arg.spring.jwt.mongodb.models.Acteurs"
}]